Petr;Král
Jakub;Němec
Anna;Němec
Tereza;Procházka
Tereza;Kučera
Jan;Černá
Eva;Král
Tereza;Dvořák
Barbora;Němec
Anna;Procházka
Eva;Veselý
Lucie;Horák
Tereza;Horák
Petr;Procházka
Anna;Svoboda
Barbora;Kučera
Eva;Novák
Tereza;Král
Anna;Král
Tomáš;Svoboda
Anna;Král
David;Kučera
Barbora;Černá
Petr;Procházka
Petr;Černá
Tereza;Černá
Petr;Veselý
Petr;Král
Eva;Horák
Tereza;Horák
Tereza;Procházka
Eva;Procházka
Lucie;Novák
Jan;Černá
David;Kučera
David;Černá
Tomáš;Veselý
Petr;Král
Eva;Procházka
Lucie;Černá
Jakub;Král
Jan;Černá
David;Svoboda
Jakub;Procházka
David;Novák
Jan;Novák
Tomáš;Král
David;Kučera
Jan;Němec
Tomáš;Veselý
David;Kučera
David;Černá
Tereza;Král
Anna;Král
David;Svoboda
Tomáš;Král
Tereza;Novák
Petr;Král
Anna;Veselý
Barbora;Němec
Tereza;Černá
Barbora;Novák
David;Kučera
Jan;Kučera
Tomáš;Svoboda
Jan;Horák
David;Dvořák
Barbora;Němec
Lucie;Němec
Anna;Novák
Tomáš;Dvořák
Eva;Němec
Eva;Dvořák
Anna;Svoboda
Barbora;Král
Tereza;Novák
Jakub;Dvořák
Jakub;Černá
Jan;Černá
Petr;Kučera
Jan;Dvořák
Jakub;Král
Tomáš;Dvořák
Eva;Veselý
